{
  "Khurula": {
    "Molócue": 400,
    "Mocuba": 800,
    "Namacurra": 1000,
    "Nicoadala": 1100,
    "Zero": 1300,
    "Khaia": 1500,
    "Gorogozá": 2100,
    "Enshoping": 2200,
    "Muchuecue": 2500,
    "Rio Save": 3500,
    "Cruzamento Vilanculo": 4000,
    "Maxixe": 4500,
    "Xai-Xai": 4500,
    "Maputo": 4500
  },
  "CBI": {
    "Beira": 1000,
    "Chimoio": 1200,
    "Tete": 4500,
    "Quelimane": 4500,
    "Lichinga": 4500,
    "Maputo": 4500,
    "Montepuez": 4500,
    "Pemba": 4500
  },
  "ETRAGO": {
    "Pemba": 900,
    "Maputo": 4500
  },
  "CITYLINK": {
    "Tete": 1400,
    "Pemba": 3000,
    "Maputo": 4300
  },
  "NAGI": {
    "Lichinga": 1300,
    "Cuamba": 700,
    "Beira": 2500,
    "Gorongosa": 2000,
    "Pemba": 900,
    "Montepuez": 900,
    "Quelimane": 1200,
    "Nicuadala": 1200,
    "Tete": 3800,
    "Inchope": 2200
  },
  "ESTA NA MODA": {
    "Beira": 1100,
    "Chimoio": 1250,
    "Maputo": 4600
  }
}